distance_furlongs,race_type,course,race_length
5,Flat,Ascot,61.15019
5,Flat,Ayr,61.03916
5,Flat,Bath,62.71723
5,Flat,Bellewstown,60.63518
5,Flat,Beverley,63.76729
5,Flat,Brighton,63.16815
5,Flat,Carlisle,62.06153
5,Flat,Catterick,60.76975
5,Flat,Chelmsford_City,59.56811
5,Flat,Chepstow,60.27561
5,Flat,Chester,62.01969
5,Flat,Cork,60.05816
5,Flat,Curragh,62.14438
5,Flat,Doncaster,60.64475
5,Flat,Down_Royal,60.73247
5,Flat,Dundalk,59.60212
5,Flat,Epsom_Downs,55.58365
5,Flat,Ffos_Las,59.4367
5,Flat,Folkestone,60.80887
5,Flat,Goodwood,58.86723
5,Flat,Great_Leighs,60.40324
5,Flat,Hamilton,60.57959
5,Flat,Haydock,61.30602
5,Flat,Kempton,60.93872
5,Flat,Leicester,61.85338
5,Flat,Lingfield,59.06101
5,Flat,Musselburgh,61.467
5,Flat,Naas,61.57605
5,Flat,Navan,64.08697
5,Flat,Newbury,62.11092
5,Flat,Newcastle,60.74824
5,Flat,Newmarket,60.66265
5,Flat,Nottingham,62.51444
5,Flat,Pontefract,64.14948
5,Flat,Redcar,59.51594
5,Flat,Ripon,60.61374
5,Flat,Royal_Ascot,60.16886
5,Flat,Salisbury,61.7924
5,Flat,Sandown,62.15254
5,Flat,Southwell,60.21336
5,Flat,Thirsk,60.01059
5,Flat,Tipperary,60.14456
5,Flat,Tralee,65.36667
5,Flat,Warwick,61.36701
5,Flat,Windsor,61.38661
5,Flat,Wolverhampton,62.12874
5,Flat,Yarmouth,63.18145
5,Flat,York,60.32189
6,Chase,Clonmel,293.0
6,Flat,Ascot,75.31127
6,Flat,Ayr,73.53046
6,Flat,Ballinrobe,76.35947
6,Flat,Bath,71.63077
6,Flat,Bath_Arab,78.86
6,Flat,Brighton,71.00915
6,Flat,Carlisle,74.73815
6,Flat,Catterick,74.50536
6,Flat,Chelmsford_City,72.33027
6,Flat,Chepstow,73.05343
6,Flat,Chester,74.98793
6,Flat,Cork,74.09624
6,Flat,Curragh,75.12074
6,Flat,Doncaster,73.93625
6,Flat,Dundalk,72.57028
6,Flat,Epsom_Downs,70.09534
6,Flat,Fairyhouse,75.74074
6,Flat,Ffos_Las,71.93522
6,Flat,Folkestone,73.22851
6,Flat,Goodwood,72.71597
6,Flat,Great_Leighs,73.66024
6,Flat,Hamilton,73.01832
6,Flat,Haydock,74.6527
6,Flat,Kempton,72.97606
6,Flat,Laytown,71.79294
6,Flat,Leicester,73.11067
6,Flat,Leopardstown,75.93556
6,Flat,Limerick,84.3
6,Flat,Lingfield,72.01759
6,Flat,Listowel,85.24967
6,Flat,Musselburgh,61.76
6,Flat,Naas,72.71459
6,Flat,Navan,73.31
6,Flat,Newbury,74.71283
6,Flat,Newcastle,74.24885
6,Flat,Newmarket,73.01932
6,Flat,Nottingham,75.03599
6,Flat,Pontefract,77.80029
6,Flat,Redcar,72.4953
6,Flat,Ripon,73.49432
6,Flat,Royal_Ascot,73.71585
6,Flat,Salisbury,75.38544
6,Flat,Sligo,91.38187
6,Flat,Southwell,76.66211
6,Flat,Thirsk,73.11654
6,Flat,Tipperary,67.59
6,Flat,TurfTV_Extras,81.39
6,Flat,Warwick,70.86246
6,Flat,Wetherby,66.97913
6,Flat,Windsor,73.13413
6,Flat,Wolverhampton,75.01618
6,Flat,Yarmouth,73.92471
6,Flat,York,72.33998
6,Hurdle,Clonmel,282.0
6,Hurdle,Gowran_Park,299.7
7,Flat,Ascot,88.69224
7,Flat,Ayr,93.41756
7,Flat,Bath,98.75
7,Flat,Beverley,94.01661
7,Flat,Brighton,85.02964
7,Flat,Carlisle,88.15216
7,Flat,Catterick,87.95278
7,Flat,Chelmsford_City,85.57075
7,Flat,Chepstow,84.20929
7,Flat,Chester,89.16946
7,Flat,Cork,89.86505
7,Flat,Curragh,88.33106
7,Flat,Doncaster,87.12932
7,Flat,Down_Royal,88.555
7,Flat,Dundalk,85.69159
7,Flat,Epsom_Downs,84.15382
7,Flat,Fairyhouse,90.89545
7,Flat,Ffos_Las,95.11226
7,Flat,Folkestone,87.71131
7,Flat,Galway,91.33561
7,Flat,Goodwood,87.77902
7,Flat,Gowran_Park,89.2449
7,Flat,Haydock,90.02005
7,Flat,Kempton,86.41699
7,Flat,Laytown,82.9003
7,Flat,Leicester,86.15002
7,Flat,Leopardstown,91.2258
7,Flat,Limerick,92.48405
7,Flat,Lingfield,84.92007
7,Flat,Listowel,94.14063
7,Flat,Musselburgh,90.81035
7,Flat,Naas,86.70166
7,Flat,Navan,92.51
7,Flat,Newbury,87.23222
7,Flat,Newcastle,88.13834
7,Flat,Newmarket,86.28535
7,Flat,RMG_Extras,100.555
7,Flat,Redcar,85.82322
7,Flat,Roscommon,94.28978
7,Flat,Royal_Ascot,87.43
7,Flat,Salisbury,89.38556
7,Flat,Sandown,90.5057
7,Flat,Sligo,95.03735
7,Flat,Southwell,90.28193
7,Flat,Thirsk,88.05746
7,Flat,Tipperary,99.04827
7,Flat,Tralee,91.054
7,Flat,TurfTV_Extras,97.37
7,Flat,Warwick,85.42403
7,Flat,Wetherby,88.40179
7,Flat,Wolverhampton,89.78532
7,Flat,Yarmouth,86.89297
7,Flat,York,85.37984
7,Hurdle,Gowran_Park,294.8
8,Chase,Clonmel,287.1
8,Flat,Ascot,101.92742
8,Flat,Ayr,103.77994
8,Flat,Bath,101.77776
8,Flat,Bellewstown,100.87654
8,Flat,Beverley,107.6356
8,Flat,Brighton,96.57834
8,Flat,Carlisle,101.19835
8,Flat,Chelmsford_City,98.7439
8,Flat,Chepstow,96.4763
8,Flat,Chester,95.36551
8,Flat,Cork,109.334
8,Flat,Curragh,103.43995
8,Flat,Doncaster,100.13408
8,Flat,Dundalk,98.62608
8,Flat,Ffos_Las,104.20356
8,Flat,Galway,111.03475
8,Flat,Goodwood,100.23015
8,Flat,Gowran_Park,102.93312
8,Flat,Great_Leighs,100.6711
8,Flat,Hamilton,108.99049
8,Flat,Haydock,104.26799
8,Flat,Kempton,99.69138
8,Flat,Killarney,105.90135
8,Flat,Leicester,105.61772
8,Flat,Leopardstown,103.48027
8,Flat,Limerick,108.67797
8,Flat,Lingfield,97.75497
8,Flat,Listowel,107.19252
8,Flat,Musselburgh,101.42721
8,Flat,Naas,101.01659
8,Flat,Navan,107.544
8,Flat,Newbury,101.3063
8,Flat,Newcastle,102.16526
8,Flat,Newmarket,99.53898
8,Flat,Nottingham,107.43736
8,Flat,Pontefract,106.35378
8,Flat,RMG_Extras,112.46
8,Flat,Redcar,98.46261
8,Flat,Ripon,101.55127
8,Flat,Royal_Ascot,99.62316
8,Flat,Salisbury,104.05964
8,Flat,Sandown,104.09953
8,Flat,Southwell,103.76417
8,Flat,TRP_Extras,121.46
8,Flat,Thirsk,101.61916
8,Flat,Thurles,106.92114
8,Flat,Tipperary,99.49194
8,Flat,Tralee,107.48484
8,Flat,TurfTV_Extras,113.85
8,Flat,Warwick,101.97846
8,Flat,Wetherby,101.46033
8,Flat,Wexford,108.75548
8,Flat,Windsor,105.10194
8,Flat,Wolverhampton,112.2128
8,Flat,Yarmouth,100.1709
8,Flat,York,98.94343
8,Hurdle,Clonmel,224.5
8,NHF,Gowran_Park,219.1
9,Flat,Ayr,120.86667
9,Flat,Ballinrobe,125.97886
9,Flat,Carlisle,119.19226
9,Flat,Chelmsford_City,114.215
9,Flat,Cork,112.36342
9,Flat,Curragh,115.88792
9,Flat,Epsom_Downs,106.3933
9,Flat,Fairyhouse,116.80356
9,Flat,Ffos_Las,117.6
9,Flat,Galway,112.1185
9,Flat,Goodwood,117.67321
9,Flat,Gowran_Park,125.05417
9,Flat,Great_Leighs,118.85
9,Flat,Hamilton,120.01196
9,Flat,Kempton,115.50567
9,Flat,Leopardstown,116.39573
9,Flat,Lingfield,117.73509
9,Flat,Listowel,120.39433
9,Flat,Musselburgh,114.66274
9,Flat,Navan,121.08
9,Flat,Newbury,115.58421
9,Flat,Newcastle,118.22833
9,Flat,Newmarket,111.00307
9,Flat,Nottingham,117.33
9,Flat,Redcar,115.03402
9,Flat,Ripon,115.126
9,Flat,Sandown,116.73623
9,Flat,Southwell,110.09
9,Flat,Tipperary,122.09868
9,Flat,Tramore,121.44
9,Flat,Wetherby,114.10667
9,Flat,Wexford,123.18
9,Flat,Wolverhampton,115.44491
9,Flat,Yarmouth,116.06442
9,Flat,York,111.35984
10,Flat,Ascot,128.58128
10,Flat,Ayr,132.19626
10,Flat,Ballinrobe,131.1014
10,Flat,Bath,131.47625
10,Flat,Beverley,127.31726
10,Flat,Brighton,124.65191
10,Flat,Chelmsford_City,126.38519
10,Flat,Chepstow,132.15253
10,Flat,Chester,133.45505
10,Flat,Clonmel,129.21333
10,Flat,Cork,135.36987
10,Flat,Curragh,132.59418
10,Flat,Doncaster,131.96479
10,Flat,Down_Royal,138.59229
10,Flat,Epsom_Downs,130.10651
10,Flat,Fairyhouse,132.48376
10,Flat,Ffos_Las,133.44436
10,Flat,Folkestone,125.97944
10,Flat,Goodwood,128.90607
10,Flat,Gowran_Park,126.44333
10,Flat,Great_Leighs,128.64836
10,Flat,Haydock,134.17882
10,Flat,Kempton,127.77472
10,Flat,Leicester,129.1067
10,Flat,Leopardstown,130.44937
10,Flat,Lingfield,127.11953
10,Flat,Listowel,136.586
10,Flat,Musselburgh,102.49
10,Flat,Naas,135.671
10,Flat,Navan,132.89553
10,Flat,Newbury,129.91537
10,Flat,Newcastle,132.95217
10,Flat,Newmarket,126.4959
10,Flat,Nottingham,133.26356
10,Flat,Pontefract,135.3159
10,Flat,Redcar,127.41324
10,Flat,Ripon,125.94668
10,Flat,Roscommon,137.48821
10,Flat,Royal_Ascot,126.17429
10,Flat,Salisbury,129.93132
10,Flat,Sandown,130.54078
10,Flat,Sligo,148.30727
10,Flat,Southwell,134.02538
10,Flat,TRP_Extras,142.48
10,Flat,TurfTV_Extras,143.76091
10,Flat,Warwick,148.87
10,Flat,Wetherby,129.97762
10,Flat,Wexford,125.306
10,Flat,Windsor,129.20333
10,Flat,Yarmouth,129.86397
10,Flat,York,131.10525
11,Flat,Ayr,142.21286
11,Flat,Carlisle,148.65313
11,Flat,Chester,147.68963
11,Flat,Down_Royal,139.95
11,Flat,Downpatrick,153.14545
11,Flat,Dundalk,135.25216
11,Flat,Goodwood,148.84466
11,Flat,Hamilton,145.85194
11,Flat,Haydock,137.53509
11,Flat,Kempton,140.94011
11,Flat,Killarney,149.85322
11,Flat,Leopardstown,144.55333
11,Flat,Limerick,155.395
11,Flat,Lingfield,153.11692
11,Flat,Navan,163.2
11,Flat,Newbury,143.26596
11,Flat,Redcar,142.42692
11,Flat,Ripon,142.579
11,Flat,Roscommon,151.7
11,Flat,Sligo,147.48286
11,Flat,Southwell,148.025
11,Flat,Tralee,147.01429
11,Flat,Warwick,141.64459
11,Flat,Wexford,143.61867
11,Flat,Windsor,149.2262
11,Flat,Yarmouth,149.56614
12,Flat,Ascot,153.79656
12,Flat,Ballinrobe,179.34
12,Flat,Bath,150.84058
12,Flat,Bellewstown,161.42184
12,Flat,Beverley,160.34192
12,Flat,Brighton,154.04069
12,Flat,Carlisle,152.92864
12,Flat,Catterick,160.40982
12,Flat,Chepstow,160.66548
12,Flat,Chester,162.3504
12,Flat,Clonmel,158.20769
12,Flat,Cork,159.1812
12,Flat,Curragh,159.2178
12,Flat,Doncaster,156.05371
12,Flat,Down_Royal,165.62889
12,Flat,Downpatrick,163.87826
12,Flat,Dundalk,153.42565
12,Flat,Epsom_Downs,159.65093
12,Flat,Fairyhouse,161.08964
12,Flat,Ffos_Las,160.5461
12,Flat,Folkestone,161.88755
12,Flat,Galway,165.17961
12,Flat,Goodwood,159.8359
12,Flat,Gowran_Park,163.58658
12,Flat,Hamilton,159.5946
12,Flat,Haydock,153.42307
12,Flat,Kempton,154.58316
12,Flat,Killarney,170.06
12,Flat,Leicester,155.18004
12,Flat,Leopardstown,158.50229
12,Flat,Limerick,165.57714
12,Flat,Lingfield,152.79806
12,Flat,Listowel,165.7419
12,Flat,Musselburgh,162.72746
12,Flat,Naas,158.88575
12,Flat,Navan,174.3
12,Flat,Newbury,157.6936
12,Flat,Newcastle,164.32633
12,Flat,Newmarket,153.37673
12,Flat,Pontefract,160.97079
12,Flat,RMG_Extras,174.17
12,Flat,Ripon,158.1417
12,Flat,Roscommon,162.59259
12,Flat,Royal_Ascot,151.43831
12,Flat,Salisbury,156.53686
12,Flat,Sligo,182.08361
12,Flat,Southwell,160.56725
12,Flat,Thirsk,158.59025
12,Flat,Thurles,162.20462
12,Flat,Tipperary,170.37851
12,Flat,Tralee,164.68437
12,Flat,Tramore,168.96718
12,Flat,TurfTV_Extras,168.5
12,Flat,Wexford,151.56793
12,Flat,Windsor,150.86422
12,Flat,Wolverhampton,160.70758
12,Flat,York,152.74257
12,NHF,Ascot,175.6
12,NHF,Cheltenham,172.60833
12,NHF,Newbury,194.32581
12,NHF,Wetherby,190.935
13,Flat,Ayr,177.24254
13,Flat,Ballinrobe,180.7725
13,Flat,Bath,173.75654
13,Flat,Bellewstown,171.487
13,Flat,Chelmsford_City,172.35808
13,Flat,Chester,178.00213
13,Flat,Down_Royal,171.4402
13,Flat,Downpatrick,182.74857
13,Flat,Fairyhouse,182.54333
13,Flat,Great_Leighs,170.20267
13,Flat,Hamilton,173.7511
13,Flat,Leopardstown,170.42741
13,Flat,Lingfield,166.88229
13,Flat,Musselburgh,172.23387
13,Flat,Navan,177.32586
13,Flat,Newbury,173.63188
13,Flat,Newmarket,166.09261
13,Flat,Sligo,174.58
13,Flat,Tipperary,169.61
13,Flat,Warwick,166.39161
13,Flat,Wetherby,171.62
13,Flat,Wexford,164.58987
13,NHF,Doncaster,185.8
13,NHF,Exeter,194.20571
13,NHF,Haydock,204.75
13,NHF,Hereford,190.61667
13,NHF,Kelso,196.8
13,NHF,Lingfield,172.64333
13,NHF,Market_Rasen,195.76667
13,NHF,Newbury,188.944
13,NHF,Wetherby,202.68111
14,Flat,Ascot,185.745
14,Flat,Ayr,196.25333
14,Flat,Ballinrobe,203.75738
14,Flat,Bath,185.37833
14,Flat,Bellewstown,190.6283
14,Flat,Carlisle,191.72848
14,Flat,Catterick,186.40797
14,Flat,Chelmsford_City,180.68718
14,Flat,Chester,186.18778
14,Flat,Cork,187.16
14,Flat,Curragh,186.76508
14,Flat,Doncaster,183.12
14,Flat,Down_Royal,183.3275
14,Flat,Fairyhouse,186.32333
14,Flat,Ffos_Las,189.34042
14,Flat,Galway,196.45333
14,Flat,Goodwood,184.63789
14,Flat,Gowran_Park,192.7775
14,Flat,Great_Leighs,183.9081
14,Flat,Haydock,185.43144
14,Flat,Kempton,194.36083
14,Flat,Killarney,190.02766
14,Flat,Leopardstown,185.05491
14,Flat,Lingfield,187.78303
14,Flat,Listowel,207.81275
14,Flat,Musselburgh,184.65726
14,Flat,Naas,203.16667
14,Flat,Navan,188.94588
14,Flat,Newcastle,193.30286
14,Flat,Newmarket,178.55245
14,Flat,Nottingham,187.68875
14,Flat,Punchestown,216.7
14,Flat,Redcar,186.7163
14,Flat,Ripon,183.7825
14,Flat,Royal_Ascot,183.40667
14,Flat,Salisbury,188.79109
14,Flat,Sandown,186.10429
14,Flat,Sligo,206.475
14,Flat,Southwell,188.90397
14,Flat,TRP_Extras,200.62
14,Flat,Thurles,189.83333
14,Flat,Tipperary,196.00647
14,Flat,Tralee,206.14
14,Flat,Tramore,187.46136
14,Flat,Wetherby,187.31769
14,Flat,Wexford,183.96818
14,Flat,Wolverhampton,184.79211
14,Flat,Yarmouth,188.39975
14,Flat,York,179.68692
14,NHF,Ayr,211.31917
14,NHF,Carlisle,219.8625
14,NHF,Cheltenham,214.01667
14,NHF,Ffos_Las,217.178
14,NHF,Fontwell,209.90835
14,NHF,Hereford,194.23333
14,NHF,Huntingdon,198.47333
14,NHF,Listowel,213.8
14,NHF,Ludlow,207.37105
14,NHF,Musselburgh,198.9
14,NHF,Newcastle,220.35714
14,NHF,Southwell,202.85
14,NHF,Towcester,205.62577
14,NHF,Warwick,205.07158
14,NHF,Wetherby,232.62857
14,NHF,Wincanton,201.6
15,Chase,Wetherby,238.48205
15,Flat,Ayr,205.994
15,Flat,Doncaster,189.74512
15,Flat,Folkestone,209.49111
15,Flat,Leopardstown,201.67481
15,Flat,Listowel,205.22667
15,Flat,Musselburgh,196.41
15,Flat,Newmarket,190.90257
15,Flat,Punchestown,224.35714
15,Flat,Warwick,201.33904
15,Flat,Wexford,205.3225
15,Flat,Wolverhampton,203.3605
15,Hurdle,Roscommon,243.83333
15,Hurdle,Wincanton,227.21053
15,NHF,Newcastle,232.5525
15,NHF,Punchestown,234.5
15,NHF,Roscommon,258.8
15,NHF,Wincanton,226.95667
16,Chase,Aintree,240.53976
16,Chase,Ascot,238.6875
16,Chase,Ayr,250.615
16,Chase,Ballinrobe,271.025
16,Chase,Carlisle,253.12475
16,Chase,Catterick,242.7713
16,Chase,Cheltenham,243.26895
16,Chase,Chepstow,261.11126
16,Chase,Clonmel,252.425
16,Chase,Cork,249.74225
16,Chase,Doncaster,246.72208
16,Chase,Down_Royal,260.50278
16,Chase,Fairyhouse,259.48182
16,Chase,Fakenham,260.45016
16,Chase,Ffos_Las,244.23434
16,Chase,Folkestone,247.50885
16,Chase,Gowran_Park,254.24615
16,Chase,Haydock,252.93765
16,Chase,Hereford,244.01726
16,Chase,Hexham,253.94037
16,Chase,Huntingdon,250.54138
16,Chase,Kelso,248.1
16,Chase,Kempton,241.08874
16,Chase,Leicester,247.53121
16,Chase,Limerick,241.3
16,Chase,Lingfield,256.03099
16,Chase,Listowel,242.44615
16,Chase,Ludlow,242.43642
16,Chase,Musselburgh,236.71815
16,Chase,Naas,258.04809
16,Chase,Navan,254.735
16,Chase,Newbury,249.49853
16,Chase,Newcastle,260.70815
16,Chase,Newton_Abbot,245.24227
16,Chase,Perth,240.27994
16,Chase,Punchestown,255.27586
16,Chase,Roscommon,241.71132
16,Chase,Sandown,241.89185
16,Chase,Sedgefield,253.95858
16,Chase,Southwell,247.99014
16,Chase,Stratford,241.45
16,Chase,Taunton,254.19389
16,Chase,Thurles,264.67442
16,Chase,Tipperary,261.3
16,Chase,Towcester,252.46
16,Chase,Tralee,250.97368
16,Chase,Tramore,241.4134
16,Chase,Uttoxeter,241.07087
16,Chase,Warwick,243.11706
16,Chase,Wetherby,245.24896
16,Chase,Wexford,245.44667
16,Chase,Wincanton,243.06504
16,Chase,Windsor,253.76667
16,Chase,Worcester,239.35763
16,Flat,Ascot,212.9925
16,Flat,Ballinrobe,240.5325
16,Flat,Beverley,219.46718
16,Flat,Catterick,214.71368
16,Flat,Chelmsford_City,208.63507
16,Flat,Chepstow,221.24271
16,Flat,Chester,211.17204
16,Flat,Clonmel,231.96393
16,Flat,Curragh,214.5593
16,Flat,Doncaster,222.82692
16,Flat,Down_Royal,218.07
16,Flat,Dundalk,210.02483
16,Flat,Fairyhouse,234.475
16,Flat,Ffos_Las,216.5495
16,Flat,Folkestone,222.58412
16,Flat,Galway,224.395
16,Flat,Goodwood,211.47541
16,Flat,Gowran_Park,217.64
16,Flat,Great_Leighs,210.336
16,Flat,Haydock,216.66552
16,Flat,Kempton,210.45832
16,Flat,Leopardstown,213.8887
16,Flat,Limerick,222.35778
16,Flat,Lingfield,206.69505
16,Flat,Listowel,236.17167
16,Flat,Musselburgh,215.16065
16,Flat,Naas,235.71
16,Flat,Navan,219.48235
16,Flat,Newbury,219.59929
16,Flat,Newcastle,218.17718
16,Flat,Newmarket,208.85611
16,Flat,Nottingham,214.66184
16,Flat,Punchestown,236.9
16,Flat,Redcar,212.93565
16,Flat,Ripon,212.61791
16,Flat,Roscommon,217.9
16,Flat,Royal_Ascot,210.058
16,Flat,Sandown,217.884
16,Flat,Southwell,223.93242
16,Flat,TRP_Extras,246.03
16,Flat,Thirsk,211.35902
16,Flat,Thurles,213.17143
16,Flat,Tralee,226.2
16,Flat,Tramore,228.57026
16,Flat,Warwick,214.16238
16,Flat,Wetherby,210.88667
16,Flat,Wexford,219.133
16,Flat,Wolverhampton,224.23179
16,Flat,Yarmouth,213.71955
16,Flat,York,214.64267
16,Hurdle,Aintree,246.47071
16,Hurdle,Ascot,232.83338
16,Hurdle,Ayr,244.86178
16,Hurdle,Ballinrobe,252.23457
16,Hurdle,Catterick,235.52472
16,Hurdle,Cheltenham,240.29686
16,Hurdle,Chepstow,248.78745
16,Hurdle,Clonmel,248.45595
16,Hurdle,Cork,241.23155
16,Hurdle,Doncaster,246.23789
16,Hurdle,Down_Royal,242.18151
16,Hurdle,Downpatrick,223.46667
16,Hurdle,Fairyhouse,249.02494
16,Hurdle,Fakenham,249.50421
16,Hurdle,Ffos_Las,238.60242
16,Hurdle,Galway,237.4463
16,Hurdle,Gowran_Park,241.06373
16,Hurdle,Haydock,238.37202
16,Hurdle,Hereford,245.35054
16,Hurdle,Hexham,260.25316
16,Hurdle,Huntingdon,233.87816
16,Hurdle,Kelso,244.07925
16,Hurdle,Kempton,237.70881
16,Hurdle,Kilbeggan,230.04509
16,Hurdle,Killarney,243.63333
16,Hurdle,Leicester,238.65753
16,Hurdle,Leopardstown,242.64741
16,Hurdle,Limerick,247.63256
16,Hurdle,Lingfield,254.57008
16,Hurdle,Listowel,249.72366
16,Hurdle,Ludlow,231.56814
16,Hurdle,Musselburgh,228.27907
16,Hurdle,Naas,244.04534
16,Hurdle,Navan,251.60212
16,Hurdle,Newbury,247.41134
16,Hurdle,Newcastle,250.65383
16,Hurdle,Perth,240.20472
16,Hurdle,Plumpton,240.50998
16,Hurdle,Punchestown,245.33364
16,Hurdle,Roscommon,231.39276
16,Hurdle,Sandown,248.98173
16,Hurdle,Sligo,249.1899
16,Hurdle,Southwell,242.89957
16,Hurdle,Stratford,236.97397
16,Hurdle,Taunton,252.30716
16,Hurdle,Thurles,249.03018
16,Hurdle,Tipperary,236.65602
16,Hurdle,Towcester,243.49606
16,Hurdle,Tralee,239.72778
16,Hurdle,Tramore,246.55682
16,Hurdle,Uttoxeter,238.65009
16,Hurdle,Warwick,234.50806
16,Hurdle,Wetherby,242.70963
16,Hurdle,Wexford,239.30947
16,Hurdle,Wincanton,228.98528
16,Hurdle,Windsor,249.58333
16,Hurdle,Worcester,228.38081
16,NHF,Ascot,231.85068
16,NHF,Ayr,242.8591
16,NHF,Ballinrobe,252.33667
16,NHF,Catterick,234.31775
16,NHF,Cheltenham,237.95875
16,NHF,Chepstow,247.13303
16,NHF,Clonmel,245.90678
16,NHF,Cork,236.7611
16,NHF,Curragh,236.2125
16,NHF,Doncaster,241.58364
16,NHF,Down_Royal,242.73636
16,NHF,Fairyhouse,248.50766
16,NHF,Fakenham,248.43549
16,NHF,Ffos_Las,239.78216
16,NHF,Galway,234.96632
16,NHF,Gowran_Park,239.62333
16,NHF,Haydock,241.73793
16,NHF,Hereford,250.26769
16,NHF,Hexham,257.31874
16,NHF,Huntingdon,236.95804
16,NHF,Kelso,240.19806
16,NHF,Kempton,232.38904
16,NHF,Kilbeggan,231.14167
16,NHF,Killarney,239.2
16,NHF,Leopardstown,244.26068
16,NHF,Limerick,250.62595
16,NHF,Lingfield,216.09576
16,NHF,Listowel,248.83243
16,NHF,Ludlow,229.14192
16,NHF,Musselburgh,228.401
16,NHF,Naas,242.64535
16,NHF,Navan,249.5677
16,NHF,Newbury,245.04089
16,NHF,Newcastle,246.36278
16,NHF,Perth,240.7333
16,NHF,Punchestown,243.62062
16,NHF,Roscommon,230.07927
16,NHF,Sandown,247.7061
16,NHF,Sligo,252.84314
16,NHF,Southwell,239.45041
16,NHF,Stratford,234.54339
16,NHF,Taunton,246.19348
16,NHF,Thurles,249.31026
16,NHF,Tipperary,231.78
16,NHF,Towcester,243.35992
16,NHF,Tralee,238.35455
16,NHF,Tramore,246.40593
16,NHF,Uttoxeter,239.75956
16,NHF,Warwick,233.51148
16,NHF,Wetherby,242.22298
16,NHF,Wexford,234.60667
16,NHF,Wincanton,230.40507
16,NHF,Windsor,251.2
16,NHF,Wolverhampton,234.67143
16,NHF,Worcester,226.55738
17,Chase,Ascot,253.62397
17,Chase,Ballinrobe,270.01881
17,Chase,Bangor,265.29457
17,Chase,Cartmel,260.41281
17,Chase,Clonmel,261.99524
17,Chase,Cork,263.88372
17,Chase,Downpatrick,262.8
17,Chase,Exeter,267.62423
17,Chase,Fairyhouse,268.48655
17,Chase,Fontwell,284.34459
17,Chase,Galway,280.24648
17,Chase,Gowran_Park,250.775
17,Chase,Haydock,254.5
17,Chase,Kelso,261.98573
17,Chase,Killarney,253.14471
17,Chase,Leopardstown,259.79223
17,Chase,Limerick,275.41449
17,Chase,Listowel,263.85517
17,Chase,Market_Rasen,267.315
17,Chase,Musselburgh,253.875
17,Chase,Navan,279.04667
17,Chase,Newbury,249.97108
17,Chase,Plumpton,267.55053
17,Chase,Roscommon,236.25
17,Chase,Sligo,276.13548
17,Chase,Southwell,248.83613
17,Chase,Stratford,253.51936
17,Chase,Tipperary,257.1425
17,Chase,Wexford,256.76364
17,Flat,Ayr,240.3845
17,Flat,Bath,232.95739
17,Flat,Bellewstown,235.115
17,Flat,Carlisle,235.36826
17,Flat,Clonmel,235.78625
17,Flat,Dundalk,225.2725
17,Flat,Galway,226.85
17,Flat,Killarney,234.33949
17,Flat,Limerick,227.324
17,Flat,Pontefract,229.04654
17,Flat,Tralee,243.6
17,Flat,Wolverhampton,221.93205
17,Hurdle,Aintree,259.44093
17,Hurdle,Ballinrobe,260.31395
17,Hurdle,Bangor,250.43746
17,Hurdle,Bellewstown,242.13524
17,Hurdle,Carlisle,265.35019
17,Hurdle,Cartmel,252.78787
17,Hurdle,Cheltenham,251.08134
17,Hurdle,Clonmel,254.15625
17,Hurdle,Doncaster,245.41662
17,Hurdle,Down_Royal,261.67778
17,Hurdle,Downpatrick,254.87615
17,Hurdle,Exeter,254.7975
17,Hurdle,Galway,241.692
17,Hurdle,Gowran_Park,271.2
17,Hurdle,Hereford,241.8537
17,Hurdle,Killarney,245.56467
17,Hurdle,Market_Rasen,254.65283
17,Hurdle,Musselburgh,248.84
17,Hurdle,Newton_Abbot,246.0674
17,Hurdle,Punchestown,243.13333
17,Hurdle,Roscommon,236.1
17,Hurdle,Sedgefield,251.11053
17,Hurdle,Sligo,251.23333
17,Hurdle,Southwell,242.23978
17,Hurdle,Taunton,251.35735
17,Hurdle,Tralee,261.61714
17,Hurdle,Wexford,255.65
17,NHF,Aintree,253.67958
17,NHF,Ballinrobe,266.11765
17,NHF,Bangor,249.41791
17,NHF,Bellewstown,238.2
17,NHF,Carlisle,264.85039
17,NHF,Cheltenham,250.03737
17,NHF,Clonmel,243.1
17,NHF,Cork,238.58889
17,NHF,Doncaster,245.10882
17,NHF,Down_Royal,261.24
17,NHF,Downpatrick,252.725
17,NHF,Dundalk,231.86667
17,NHF,Exeter,253.008
17,NHF,Galway,242.56667
17,NHF,Gowran_Park,272.37222
17,NHF,Hereford,241.05207
17,NHF,Killarney,242.72843
17,NHF,Market_Rasen,252.08313
17,NHF,Newton_Abbot,242.90192
17,NHF,Punchestown,251.87273
17,NHF,Roscommon,240.8
17,NHF,Sedgefield,253.27783
17,NHF,Southwell,238.31667
17,NHF,Taunton,251.23143
17,NHF,Tralee,228.2
18,Chase,Ayr,297.625
18,Chase,Ballinrobe,273.73333
18,Chase,Bangor,266.29755
18,Chase,Cartmel,263.64569
18,Chase,Clonmel,288.35217
18,Chase,Cork,266.6
18,Chase,Downpatrick,293.10175
18,Chase,Exeter,260.22279
18,Chase,Fairyhouse,287.77
18,Chase,Fontwell,280.832
18,Chase,Galway,277.9122
18,Chase,Gowran_Park,285.72692
18,Chase,Kempton,268.13773
18,Chase,Limerick,281.4
18,Chase,Market_Rasen,272.45271
18,Chase,Newbury,283.95692
18,Chase,Punchestown,283.258
18,Chase,Sligo,271.175
18,Chase,Stratford,251.68074
18,Chase,Taunton,282.95958
18,Chase,Thurles,289.1528
18,Chase,Wexford,288.45
18,Flat,Bath,232.085
18,Flat,Chepstow,245.34316
18,Flat,Doncaster,233.5055
18,Flat,Down_Royal,246.73222
18,Flat,Downpatrick,244.45714
18,Flat,Musselburgh,250.3
18,Flat,Newbury,243.216
18,Flat,Newmarket,233.27393
18,Flat,Pontefract,248.28281
18,Flat,Southwell,249.4575
18,Flat,Warwick,239.425
18,Flat,York,240.28684
18,Hurdle,Ballinrobe,268.288
18,Hurdle,Cartmel,256.23251
18,Hurdle,Clonmel,298.6
18,Hurdle,Cork,267.84348
18,Hurdle,Down_Royal,280.85
18,Hurdle,Downpatrick,271.83739
18,Hurdle,Fairyhouse,282.08675
18,Hurdle,Folkestone,273.68764
18,Hurdle,Fontwell,275.94586
18,Hurdle,Galway,266.98293
18,Hurdle,Gowran_Park,270.108
18,Hurdle,Kelso,277.30696
18,Hurdle,Kilbeggan,269.338
18,Hurdle,Leopardstown,275.18125
18,Hurdle,Limerick,279.3746
18,Hurdle,Market_Rasen,257.82355
18,Hurdle,Navan,283.23077
18,Hurdle,Newton_Abbot,272.32957
18,Hurdle,Plumpton,268.48703
18,Hurdle,Punchestown,263.48163
18,Hurdle,Sedgefield,271.47
18,Hurdle,Sligo,280.32642
18,Hurdle,Thurles,277.74677
18,Hurdle,Wexford,258.32895
18,NHF,Ballinrobe,268.11429
18,NHF,Clonmel,287.44444
18,NHF,Cork,272.58571
18,NHF,Downpatrick,261.77726
18,NHF,Dundalk,245.175
18,NHF,Fairyhouse,271.92941
18,NHF,Folkestone,275.24268
18,NHF,Fontwell,273.7113
18,NHF,Galway,258.95455
18,NHF,Gowran_Park,275.545
18,NHF,Kelso,235.4
18,NHF,Kempton,241.685
18,NHF,Kilbeggan,278.95
18,NHF,Limerick,281.22903
18,NHF,Market_Rasen,253.51831
18,NHF,Plumpton,271.19938
18,NHF,Punchestown,275.02857
18,NHF,Sligo,275.87188
18,NHF,Southwell,257.45
18,NHF,Thurles,275.62917
18,NHF,Tipperary,268.36765
18,NHF,Wexford,253.48824
19,Chase,Ascot,288.11371
19,Chase,Ballinrobe,286.8
19,Chase,Catterick,295.55548
19,Chase,Chepstow,309.03
19,Chase,Clonmel,290.09231
19,Chase,Doncaster,294.29018
19,Chase,Downpatrick,293.71667
19,Chase,Exeter,303.20667
19,Chase,Ffos_Las,309.16821
19,Chase,Fontwell,314.45815
19,Chase,Haydock,302.72857
19,Chase,Hereford,285.41862
19,Chase,Leopardstown,297.65652
19,Chase,Listowel,295.75116
19,Chase,Market_Rasen,304.05182
19,Chase,Naas,319.15526
19,Chase,Punchestown,291.1
19,Chase,Sedgefield,301.25508
19,Chase,Stratford,285.73796
19,Chase,Taunton,296.40275
19,Chase,Wetherby,313.45286
19,Chase,Wexford,280.74792
19,Flat,Chester,246.83333
19,Flat,Warwick,253.205
19,Hurdle,Ascot,285.89968
19,Hurdle,Ayr,322.58
19,Hurdle,Carlisle,301.4578
19,Hurdle,Catterick,290.61935
19,Hurdle,Chepstow,299.1099
19,Hurdle,Clonmel,309.28293
19,Hurdle,Cork,287.84691
19,Hurdle,Doncaster,288.53105
19,Hurdle,Down_Royal,308.1
19,Hurdle,Downpatrick,278.7403
19,Hurdle,Exeter,285.80103
19,Hurdle,Fontwell,299.96104
19,Hurdle,Galway,288.68571
19,Hurdle,Haydock,294.86378
19,Hurdle,Kilbeggan,272.46637
19,Hurdle,Limerick,304.76127
19,Hurdle,Market_Rasen,286.92713
19,Hurdle,Musselburgh,291.93423
19,Hurdle,Naas,289.24812
19,Hurdle,Newbury,285.64043
19,Hurdle,Newton_Abbot,272.88655
19,Hurdle,Stratford,273.9072
19,Hurdle,Taunton,292.2424
19,Hurdle,Towcester,301.11346
19,Hurdle,Warwick,280.43267
19,NHF,Cork,286.37436
19,NHF,Downpatrick,276.78333
19,NHF,Kilbeggan,267.77381
19,NHF,Limerick,302.36
19,NHF,Naas,286.50727
19,NHF,Thurles,295.5
20,Chase,Aintree,306.3156
20,Chase,Ascot,300.16077
20,Chase,Ayr,325.9877
20,Chase,Ballinrobe,315.525
20,Chase,Bangor,314.3243
20,Chase,Carlisle,319.59233
20,Chase,Cheltenham,308.24945
20,Chase,Chepstow,310.17758
20,Chase,Clonmel,320.66281
20,Chase,Cork,317.81224
20,Chase,Doncaster,312.05333
20,Chase,Down_Royal,314.87182
20,Chase,Downpatrick,335.1
20,Chase,Exeter,295.81986
20,Chase,Fairyhouse,316.04167
20,Chase,Ffos_Las,312.65161
20,Chase,Fontwell,310.63777
20,Chase,Gowran_Park,314.67168
20,Chase,Haydock,314.87763
20,Chase,Hexham,320.62506
20,Chase,Huntingdon,307.57028
20,Chase,Kempton,316.75367
20,Chase,Kilbeggan,305.3797
20,Chase,Killarney,311.70312
20,Chase,Leicester,320.22621
20,Chase,Limerick,316.04977
20,Chase,Lingfield,327.05291
20,Chase,Listowel,311.40667
20,Chase,Ludlow,308.36724
20,Chase,Market_Rasen,306.9206
20,Chase,Musselburgh,307.24573
20,Chase,Naas,336.09298
20,Chase,Navan,336.95455
20,Chase,Newbury,303.1875
20,Chase,Newcastle,326.50275
20,Chase,Perth,308.42911
20,Chase,Plumpton,312.39255
20,Chase,Punchestown,320.81771
20,Chase,Roscommon,325.85
20,Chase,Sandown,320.76188
20,Chase,Sedgefield,305.02683
20,Chase,Sligo,344.23
20,Chase,Southwell,323.4017
20,Chase,Stratford,293.64224
20,Chase,Thurles,328.92553
20,Chase,Tipperary,307.28235
20,Chase,Towcester,317.5866
20,Chase,Tralee,322.93333
20,Chase,Tramore,299.8963
20,Chase,Uttoxeter,311.71
20,Chase,Warwick,316.51243
20,Chase,Wetherby,318.42362
20,Chase,Wexford,302.19516
20,Chase,Wincanton,321.55811
20,Chase,Windsor,312.1
20,Chase,Worcester,301.87897
20,Flat,Ascot,261.88889
20,Flat,Lingfield,264.73
20,Flat,Royal_Ascot,265.83727
20,Flat,York,272.576
20,Hurdle,Aintree,302.01684
20,Hurdle,Ascot,291.57524
20,Hurdle,Ayr,320.10571
20,Hurdle,Ballinrobe,319.59448
20,Hurdle,Bangor,296.33877
20,Hurdle,Bellewstown,288.08279
20,Hurdle,Carlisle,312.54792
20,Hurdle,Cheltenham,303.76369
20,Hurdle,Chepstow,301.97671
20,Hurdle,Clonmel,306.87212
20,Hurdle,Cork,304.824
20,Hurdle,Doncaster,289.46569
20,Hurdle,Down_Royal,299.24667
20,Hurdle,Downpatrick,328.4
20,Hurdle,Exeter,262.6
20,Hurdle,Fairyhouse,316.07589
20,Hurdle,Fakenham,316.69618
20,Hurdle,Ffos_Las,311.10246
20,Hurdle,Folkestone,334.31258
20,Hurdle,Fontwell,301.80102
20,Hurdle,Galway,310.62121
20,Hurdle,Gowran_Park,306.30575
20,Hurdle,Haydock,302.43266
20,Hurdle,Hereford,295.76333
20,Hurdle,Hexham,315.81336
20,Hurdle,Huntingdon,296.49968
20,Hurdle,Kelso,308.86667
20,Hurdle,Kilbeggan,284.5274
20,Hurdle,Killarney,301.92929
20,Hurdle,Leicester,322.56627
20,Hurdle,Leopardstown,310.20825
20,Hurdle,Limerick,307.39216
20,Hurdle,Lingfield,312.85532
20,Hurdle,Listowel,322.19833
20,Hurdle,Market_Rasen,292.73008
20,Hurdle,Musselburgh,292.75695
20,Hurdle,Naas,303.9069
20,Hurdle,Navan,311.0619
20,Hurdle,Newcastle,320.22
20,Hurdle,Perth,304.3532
20,Hurdle,Punchestown,311.71067
20,Hurdle,Roscommon,304.30971
20,Hurdle,Sandown,310.05341
20,Hurdle,Sedgefield,303.01733
20,Hurdle,Sligo,318.875
20,Hurdle,Southwell,315.67081
20,Hurdle,Taunton,290.2019
20,Hurdle,Thurles,308.99756
20,Hurdle,Tipperary,300.93523
20,Hurdle,Towcester,301.70559
20,Hurdle,Tralee,312.95185
20,Hurdle,Tramore,306.25904
20,Hurdle,Uttoxeter,308.35231
20,Hurdle,Wetherby,310.18141
20,Hurdle,Wexford,300.97346
20,Hurdle,Wincanton,298.3715
20,Hurdle,Windsor,320.81
20,Hurdle,Worcester,290.62451
20,NHF,Ballinrobe,311.33333
20,NHF,Clonmel,300.125
20,NHF,Cork,305.10909
20,NHF,Downpatrick,316.45
20,NHF,Fairyhouse,311.1
20,NHF,Galway,312.57143
20,NHF,Gowran_Park,281.46667
20,NHF,Kilbeggan,282.456
20,NHF,Leopardstown,316.10625
20,NHF,Limerick,291.9
20,NHF,Listowel,319.29677
20,NHF,Roscommon,289.82
20,NHF,Thurles,288.4
20,NHF,Tipperary,300.35
20,NHF,Tralee,328.4
20,NHF,Wexford,297.84583
20,NHF,Worcester,297.8
21,Chase,Aintree,342.89077
21,Chase,Ascot,323.87914
21,Chase,Ayr,348.766
21,Chase,Carlisle,342.66522
21,Chase,Cartmel,321.17132
21,Chase,Cheltenham,323.4592
21,Chase,Clonmel,340.05
21,Chase,Cork,332.32609
21,Chase,Doncaster,312.18333
21,Chase,Fairyhouse,350.44071
21,Chase,Fakenham,343.67944
21,Chase,Ffos_Las,342.16646
21,Chase,Folkestone,324.10149
21,Chase,Fontwell,347.66409
21,Chase,Haydock,334.2792
21,Chase,Hereford,331.92667
21,Chase,Killarney,311.65062
21,Chase,Leopardstown,340.34301
21,Chase,Limerick,318.2
21,Chase,Market_Rasen,341.4945
21,Chase,Newton_Abbot,319.66444
21,Chase,Punchestown,335.48824
21,Chase,Roscommon,320.89483
21,Chase,Sedgefield,327.48447
21,Chase,Sligo,345.09091
21,Chase,Stratford,318.36292
21,Chase,Thurles,337.3
21,Chase,Tipperary,309.4
21,Chase,Tramore,350.08903
21,Chase,Uttoxeter,325.58059
21,Chase,Wetherby,345.97312
21,Chase,Wexford,343.63333
21,Chase,Wincanton,326.66582
21,Flat,Goodwood,273.82062
21,Hurdle,Ayr,346.07879
21,Hurdle,Ballinrobe,330.365
21,Hurdle,Cheltenham,313.68629
21,Hurdle,Doncaster,309.97091
21,Hurdle,Downpatrick,328.0
21,Hurdle,Galway,312.94286
21,Hurdle,Huntingdon,314.58868
21,Hurdle,Kelso,316.59921
21,Hurdle,Kempton,315.72406
21,Hurdle,Limerick,336.72698
21,Hurdle,Ludlow,316.76271
21,Hurdle,Market_Rasen,323.00291
21,Hurdle,Navan,335.63846
21,Hurdle,Newbury,313.52094
21,Hurdle,Newcastle,322.93515
21,Hurdle,Plumpton,320.60725
21,Hurdle,Punchestown,315.0
21,Hurdle,Roscommon,313.58
21,Hurdle,Sedgefield,324.29857
21,Hurdle,Sligo,317.37778
21,Hurdle,Towcester,330.21108
21,Hurdle,Tramore,327.86795
21,Hurdle,Uttoxeter,331.7
21,Hurdle,Warwick,314.60792
21,Hurdle,Wetherby,333.002
21,Hurdle,Wincanton,325.94755
21,NHF,Roscommon,295.9
22,Chase,Aintree,336.93895
22,Chase,Ascot,325.76511
22,Chase,Ayr,352.75885
22,Chase,Ballinrobe,365.73333
22,Chase,Cartmel,326.26375
22,Chase,Clonmel,362.0
22,Chase,Cork,338.2
22,Chase,Down_Royal,356.03571
22,Chase,Downpatrick,346.13208
22,Chase,Fairyhouse,370.67179
22,Chase,Fakenham,342.61651
22,Chase,Fontwell,345.69853
22,Chase,Galway,344.01095
22,Chase,Gowran_Park,335.5
22,Chase,Haydock,347.42275
22,Chase,Hereford,325.21885
22,Chase,Hexham,404.45
22,Chase,Kelso,352.44739
22,Chase,Kilbeggan,331.41905
22,Chase,Killarney,352.97843
22,Chase,Limerick,372.60411
22,Chase,Listowel,349.97273
22,Chase,Market_Rasen,345.07357
22,Chase,Musselburgh,333.585
22,Chase,Navan,379.6
22,Chase,Newbury,349.27549
22,Chase,Newton_Abbot,323.79404
22,Chase,Punchestown,359.33019
22,Chase,Roscommon,320.6
22,Chase,Sandown,341.315
22,Chase,Sedgefield,335.31417
22,Chase,Southwell,326.9527
22,Chase,Stratford,316.04194
22,Chase,Taunton,344.48364
22,Chase,Thurles,352.84194
22,Chase,Towcester,350.90534
22,Chase,Tralee,336.8
22,Chase,Tramore,327.90621
22,Chase,Uttoxeter,360.76946
22,Chase,Wetherby,344.31097
22,Chase,Wexford,336.65556
22,Flat,Ascot,296.4025
22,Flat,Pontefract,304.44941
22,Flat,Royal_Ascot,291.28833
22,Flat,York,287.15
22,Hurdle,Ascot,327.99885
22,Hurdle,Ayr,343.86522
22,Hurdle,Ballinrobe,335.68333
22,Hurdle,Cartmel,330.74808
22,Hurdle,Cheltenham,317.31406
22,Hurdle,Clonmel,376.14286
22,Hurdle,Cork,307.7
22,Hurdle,Down_Royal,326.11509
22,Hurdle,Downpatrick,337.00534
22,Hurdle,Exeter,340.73456
22,Hurdle,Fairyhouse,347.98158
22,Hurdle,Ffos_Las,345.66071
22,Hurdle,Folkestone,369.13768
22,Hurdle,Fontwell,340.96312
22,Hurdle,Galway,324.42333
22,Hurdle,Haydock,339.26667
22,Hurdle,Hereford,336.35478
22,Hurdle,Huntingdon,315.32645
22,Hurdle,Kelso,341.48517
22,Hurdle,Kilbeggan,321.26667
22,Hurdle,Killarney,335.76935
22,Hurdle,Leopardstown,337.66667
22,Hurdle,Limerick,354.32143
22,Hurdle,Market_Rasen,329.1508
22,Hurdle,Musselburgh,326.68333
22,Hurdle,Navan,336.25397
22,Hurdle,Newcastle,353.81367
22,Hurdle,Newton_Abbot,321.42987
22,Hurdle,Punchestown,350.72353
22,Hurdle,Sandown,331.99952
22,Hurdle,Sedgefield,320.26405
22,Hurdle,Southwell,316.72476
22,Hurdle,Stratford,330.55608
22,Hurdle,Thurles,354.17333
22,Hurdle,Tralee,339.82857
22,Hurdle,Tramore,354.25
22,Hurdle,Uttoxeter,332.95474
22,Hurdle,Wetherby,333.00597
22,Hurdle,Wexford,345.2
22,Hurdle,Wincanton,326.97654
23,Chase,Ballinrobe,361.91429
23,Chase,Clonmel,385.61111
23,Chase,Down_Royal,362.17826
23,Chase,Downpatrick,361.90989
23,Chase,Galway,343.99091
23,Chase,Gowran_Park,401.3
23,Chase,Haydock,374.58273
23,Chase,Hexham,381.79556
23,Chase,Kelso,376.40339
23,Chase,Kilbeggan,334.05
23,Chase,Killarney,346.83364
23,Chase,Leicester,363.41024
23,Chase,Limerick,382.65
23,Chase,Musselburgh,366.8
23,Chase,Newbury,367.18394
23,Chase,Newcastle,384.08558
23,Chase,Perth,382.7
23,Chase,Punchestown,368.19
23,Chase,Sandown,347.865
23,Chase,Stratford,340.12239
23,Chase,Taunton,368.03455
23,Chase,Tipperary,363.80238
23,Chase,Tramore,326.75714
23,Chase,Uttoxeter,362.63333
23,Chase,Wetherby,344.0
23,Chase,Wexford,360.93333
23,Chase,Worcester,348.60436
23,Hurdle,Bangor,359.94836
23,Hurdle,Downpatrick,349.0119
23,Hurdle,Exeter,364.40439
23,Hurdle,Fairyhouse,386.49048
23,Hurdle,Fakenham,381.1475
23,Hurdle,Galway,334.95
23,Hurdle,Haydock,357.25024
23,Hurdle,Hexham,375.90062
23,Hurdle,Kelso,355.54435
23,Hurdle,Killarney,340.325
23,Hurdle,Limerick,373.2
23,Hurdle,Lingfield,372.77816
23,Hurdle,Market_Rasen,360.90797
23,Hurdle,Navan,367.71171
23,Hurdle,Punchestown,349.55
23,Hurdle,Sandown,371.5375
23,Hurdle,Thurles,358.10833
23,Hurdle,Uttoxeter,365.32034
23,Hurdle,Wetherby,360.10192
23,Hurdle,Worcester,343.53434
24,Chase,Ascot,370.64953
24,Chase,Ayr,400.04
24,Chase,Bangor,381.71795
24,Chase,Carlisle,396.04258
24,Chase,Cheltenham,380.27716
24,Chase,Chepstow,379.42538
24,Chase,Clonmel,367.18333
24,Chase,Cork,382.92154
24,Chase,Doncaster,367.82167
24,Chase,Down_Royal,388.66304
24,Chase,Downpatrick,369.6875
24,Chase,Exeter,369.99445
24,Chase,Fairyhouse,395.00323
24,Chase,Fakenham,395.5714
24,Chase,Ffos_Las,386.16809
24,Chase,Gowran_Park,385.40882
24,Chase,Haydock,381.92081
24,Chase,Hereford,385.6
24,Chase,Hexham,398.33882
24,Chase,Huntingdon,373.74813
24,Chase,Kelso,375.0964
24,Chase,Kempton,371.71668
24,Chase,Killarney,390.8
24,Chase,Leicester,364.04095
24,Chase,Leopardstown,389.50444
24,Chase,Limerick,388.89639
24,Chase,Lingfield,394.14739
24,Chase,Listowel,365.78261
24,Chase,Ludlow,372.376
24,Chase,Market_Rasen,387.72152
24,Chase,Musselburgh,367.05142
24,Chase,Naas,412.59188
24,Chase,Navan,399.88068
24,Chase,Newbury,367.31505
24,Chase,Newcastle,382.52833
24,Chase,Perth,370.64917
24,Chase,Punchestown,404.66667
24,Chase,Roscommon,380.28077
24,Chase,Sandown,392.35377
24,Chase,Sligo,402.775
24,Chase,Southwell,392.48843
24,Chase,Stratford,366.01538
24,Chase,Taunton,375.28112
24,Chase,Thurles,402.44356
24,Chase,Tipperary,372.9
24,Chase,Towcester,392.23984
24,Chase,Tralee,378.18571
24,Chase,Uttoxeter,382.48066
24,Chase,Warwick,385.45738
24,Chase,Wetherby,390.5699
24,Chase,Wexford,400.1
24,Chase,Windsor,383.03333
24,Chase,Worcester,353.83267
24,Hurdle,Aintree,375.1372
24,Hurdle,Ascot,362.99981
24,Hurdle,Ayr,388.02111
24,Hurdle,Ballinrobe,365.76667
24,Hurdle,Bangor,354.94098
24,Hurdle,Bellewstown,360.95484
24,Hurdle,Carlisle,380.52846
24,Hurdle,Cheltenham,360.4018
24,Hurdle,Chepstow,377.58339
24,Hurdle,Clonmel,385.18961
24,Hurdle,Cork,369.91606
24,Hurdle,Doncaster,366.7557
24,Hurdle,Down_Royal,358.35
24,Hurdle,Exeter,361.33504
24,Hurdle,Fairyhouse,380.59571
24,Hurdle,Fakenham,371.78293
24,Hurdle,Ffos_Las,375.86349
24,Hurdle,Galway,361.1087
24,Hurdle,Gowran_Park,376.0
24,Hurdle,Haydock,362.16369
24,Hurdle,Hereford,391.7
24,Hurdle,Hexham,378.63642
24,Hurdle,Kempton,380.70855
24,Hurdle,Kilbeggan,357.24937
24,Hurdle,Leopardstown,374.87551
24,Hurdle,Limerick,376.03286
24,Hurdle,Listowel,382.49074
24,Hurdle,Ludlow,360.1138
24,Hurdle,Market_Rasen,361.86704
24,Hurdle,Musselburgh,356.72485
24,Hurdle,Naas,375.49355
24,Hurdle,Navan,360.14286
24,Hurdle,Newbury,366.97084
24,Hurdle,Newcastle,372.64577
24,Hurdle,Perth,367.86475
24,Hurdle,Punchestown,369.65862
24,Hurdle,Roscommon,364.18889
24,Hurdle,Sandown,346.7
24,Hurdle,Sligo,380.0875
24,Hurdle,Southwell,384.89403
24,Hurdle,Stratford,326.0
24,Hurdle,Taunton,372.68595
24,Hurdle,Thurles,379.432
24,Hurdle,Tipperary,369.78261
24,Hurdle,Towcester,385.31602
24,Hurdle,Uttoxeter,363.43726
24,Hurdle,Wetherby,383.98565
24,Hurdle,Wexford,366.58889
24,Hurdle,Windsor,388.76
24,Hurdle,Worcester,345.14437
25,Chase,Aintree,391.67938
25,Chase,Ayr,411.81271
25,Chase,Cartmel,394.2025
25,Chase,Catterick,402.2481
25,Chase,Cheltenham,397.64545
25,Chase,Fairyhouse,418.39535
25,Chase,Ffos_Las,434.40714
25,Chase,Folkestone,395.34955
25,Chase,Fontwell,425.24688
25,Chase,Gowran_Park,407.57308
25,Chase,Haydock,391.69
25,Chase,Hereford,405.36
25,Chase,Hexham,397.19577
25,Chase,Kelso,392.31961
25,Chase,Kilbeggan,386.98783
25,Chase,Limerick,381.5
25,Chase,Market_Rasen,389.90767
25,Chase,Punchestown,395.88828
25,Chase,Roscommon,388.48
25,Chase,Sligo,383.05
25,Chase,Thurles,393.88333
25,Chase,Towcester,416.672
25,Chase,Warwick,401.53231
25,Chase,Wetherby,392.9818
25,Chase,Wexford,384.94359
25,Chase,Wincanton,407.11016
25,Hurdle,Aintree,374.45387
25,Hurdle,Ascot,370.955
25,Hurdle,Ballinrobe,390.04
25,Hurdle,Carlisle,396.34127
25,Hurdle,Cartmel,384.07409
25,Hurdle,Catterick,395.552
25,Hurdle,Cheltenham,397.83333
25,Hurdle,Haydock,363.051
25,Hurdle,Huntingdon,380.23623
25,Hurdle,Kempton,384.717
25,Hurdle,Kilbeggan,369.90303
25,Hurdle,Plumpton,386.01319
25,Hurdle,Roscommon,376.725
25,Hurdle,Warwick,381.38505
25,Hurdle,Wetherby,391.04297
26,Chase,Aintree,425.84286
26,Chase,Carlisle,420.35522
26,Chase,Cartmel,401.22902
26,Chase,Catterick,405.72551
26,Chase,Cheltenham,407.65218
26,Chase,Chepstow,436.96362
26,Chase,Doncaster,399.34463
26,Chase,Down_Royal,445.40667
26,Chase,Exeter,395.82
26,Chase,Ffos_Las,407.7608
26,Chase,Folkestone,389.92
26,Chase,Fontwell,424.46989
26,Chase,Haydock,411.10385
26,Chase,Hereford,393.79107
26,Chase,Kelso,418.70746
26,Chase,Killarney,404.375
26,Chase,Ludlow,399.49723
26,Chase,Newbury,408.54778
26,Chase,Newton_Abbot,402.70516
26,Chase,Perth,434.03222
26,Chase,Plumpton,416.95628
26,Chase,Punchestown,442.03333
26,Chase,Sedgefield,426.81405
26,Chase,Southwell,410.65017
26,Chase,Taunton,424.884
26,Chase,Uttoxeter,414.87136
26,Chase,Warwick,411.92877
26,Chase,Wetherby,409.1
26,Chase,Wexford,398.22857
26,Chase,Wincanton,403.16391
26,Hurdle,Ascot,379.8
26,Hurdle,Ayr,471.51
26,Hurdle,Cartmel,382.13789
26,Hurdle,Catterick,392.48758
26,Hurdle,Cheltenham,389.5236
26,Hurdle,Fontwell,406.08946
26,Hurdle,Hereford,397.10821
26,Hurdle,Huntingdon,380.85289
26,Hurdle,Kelso,412.00588
26,Hurdle,Ludlow,391.4
26,Hurdle,Musselburgh,395.775
26,Hurdle,Newton_Abbot,397.68625
26,Hurdle,Plumpton,393.19039
26,Hurdle,Southwell,390.12344
26,Hurdle,Stratford,395.02778
26,Hurdle,Warwick,406.59923
26,Hurdle,Windsor,411.9
27,Chase,Aintree,436.02667
27,Chase,Ayr,461.38333
27,Chase,Cheltenham,438.186
27,Chase,Fontwell,457.1575
27,Chase,Haydock,468.3
27,Chase,Musselburgh,421.20545
27,Chase,Sedgefield,428.55718
27,Chase,Taunton,427.78333
27,Chase,Wetherby,435.6
27,Chase,Wincanton,432.95824
27,Hurdle,Fontwell,421.39235
27,Hurdle,Kelso,414.49133
27,Hurdle,Musselburgh,409.1
27,Hurdle,Newton_Abbot,403.99375
27,Hurdle,Perth,406.968
27,Hurdle,Sedgefield,421.95714
27,Hurdle,Stratford,391.46154
28,Chase,Ayr,435.06667
28,Chase,Carlisle,469.9
28,Chase,Catterick,466.9
28,Chase,Cheltenham,439.04182
28,Chase,Cork,451.6
28,Chase,Downpatrick,447.54167
28,Chase,Ffos_Las,469.07143
28,Chase,Fontwell,453.7929
28,Chase,Haydock,460.08563
28,Chase,Kelso,443.915
28,Chase,Limerick,458.7
28,Chase,Lingfield,469.65
28,Chase,Ludlow,430.85
28,Chase,Market_Rasen,465.26429
28,Chase,Plumpton,465.48571
28,Chase,Punchestown,466.76
28,Chase,Sedgefield,429.08182
28,Chase,Stratford,427.42653
28,Chase,Taunton,455.42889
28,Chase,Uttoxeter,441.275
28,Chase,Wetherby,449.5
28,Chase,Wincanton,425.78733
28,Hurdle,Folkestone,426.9
28,Hurdle,Sedgefield,426.00603
29,Chase,Ayr,521.375
29,Chase,Cartmel,455.475
29,Chase,Downpatrick,451.7
29,Chase,Fairyhouse,482.07059
29,Chase,Fakenham,462.454
29,Chase,Haydock,470.3625
29,Chase,Lingfield,489.475
29,Chase,Market_Rasen,473.556
29,Chase,Plumpton,472.06385
29,Chase,Punchestown,471.85
29,Chase,Sandown,454.58125
29,Chase,Sedgefield,456.11
29,Chase,Taunton,400.43333
29,Chase,Warwick,462.13708
29,Chase,Wetherby,468.9
30,Chase,Ascot,460.7
30,Chase,Bangor,496.68333
30,Chase,Cartmel,463.10737
30,Chase,Catterick,463.63
30,Chase,Cheltenham,502.63214
30,Chase,Chepstow,479.23421
30,Chase,Exeter,473.24476
30,Chase,Fakenham,533.3
30,Chase,Huntingdon,499.44444
30,Chase,Newcastle,491.8
30,Chase,Punchestown,491.35
30,Chase,Sandown,455.05957
30,Chase,Sedgefield,475.23
31,Chase,Cheltenham,511.3225
31,Chase,Chepstow,501.6
31,Chase,Exeter,494.07667
31,Chase,Folkestone,467.09333
31,Chase,Hereford,492.5
31,Chase,Huntingdon,510.86667
31,Chase,Ludlow,502.8
31,Chase,Perth,484.31857
31,Chase,Punchestown,492.8
32,Chase,Ayr,492.26385
32,Chase,Cheltenham,492.33875
32,Chase,Doncaster,500.88333
32,Chase,Exeter,518.54583
32,Chase,Hexham,564.8716
32,Chase,Kelso,535.31
32,Chase,Punchestown,529.525
32,Chase,Stratford,522.0
32,Chase,Uttoxeter,504.06667
33,Chase,Ayr,506.775
33,Chase,Cheltenham,530.28571
33,Chase,Musselburgh,519.5
33,Chase,Newcastle,538.87077
33,Chase,Punchestown,557.7125
33,Chase,Uttoxeter,552.35
34,Chase,Aintree,558.675
34,Chase,Punchestown,586.48571
34,Chase,Taunton,539.25
34,Chase,Uttoxeter,556.4625
35,Chase,Punchestown,582.2
36,Chase,Aintree,555.11538
